ID,River,Type,Scour depth (m)1,Easting (m)2,Northing (m)2,Elevation (m)3,Species4,Depth to water table (m),Density (m-1),Height (m),Basal diameter (m),Frontal area (m2),Pullout force (N) ,Break5,Root frontal area (m2),Depth to highest root density (m),Root length (m)6
11.1,BR,Pull test,0,252671.843,284030.742,963.224,P,0.53,0.04,0.14,0.00267,0.00072,NA,NA,NA,NA,NA
11.2,BR,Pull test,0,252671.371,284027.789,963.231,P,0.52,0.04,0.29,0.01076,0.01676,470.9,1,NA,NA,0
11.2D,BR,Excavated,0,252671.371,284027.789,963.231,P,0.52,0.04,0.29,0.01076,0.01676,NA,NA,0.00720,0.19,0.333
11.3D,BR,Excavated,0,252669.852,284029.496,963.261,P,0.56,0.04,0.123,0.00264,0.00157,NA,NA,0.00114,0.05,0.232
11.4,BR,Pull test,0,252676.475,284033.799,963.42,P,0.73,0.04,0.295,0.00449,0.00434,142.2,1,NA,NA,NA
11.4D,BR,Excavated,0,252676.475,284033.799,963.42,P,0.73,0.04,0.295,0.00449,0.00434,NA,NA,NA,NA,0.255
11.5,BR,Pull test,0,252670.257,284034.668,963.253,P,0.56,0.04,0.092,0.00301,0.00119,NA,NA,0.00038,0.07,0.178
11.6,BR,Pull test,0,252678.068,284039.233,963.535,P,0.85,0.04,0.032,0.01106,0.03058,960.2,1,NA,NA,0.22
12.1,BR,Pull test,0,252675.756,284026.409,963.333,P,0.63,0.09,0.295,0.00923,0.00846,777.3,1,NA,NA,0
12.1D,BR,Excavated,0,252675.756,284026.409,963.333,P,0.63,0.09,0.295,0.00923,0.00846,NA,NA,0.00933,0.31,0.466
12.2,BR,Pull test,0,252670.158,284022.192,963.171,P,0.45,0.09,0.075,0.00152,0.00152,34.4,1,NA,NA,0.036
12.3D,BR,Excavated,0,NA,NA,NA,P,0.55,0.09,0.215,0.00439,0.01373,NA,NA,0.00575,0.21,NA
12.4,BR,Pull test,0,252674.364,284023.616,963.26,S,0.53,0.09,0.145,0.00612,0.00943,225.9,1,NA,NA,0.195
12.5,BR,Pull test,0,252676.122,284021.024,963.251,P,0.53,0.09,0.122,0.0083,0.00462,90.9,1,NA,NA,0.112
12.6D,BR,Excavated,0,252675.797,284014.149,963.208,P,0.47,0.09,0.072,0.01222,0.00222,NA,NA,0.00467,0.24,0.412
12.7,BR,Pull test,0,252676.54,284012.774,963.223,P,0.49,0.09,0.232,0.00371,0.00779,101.2,1,0.00621,0.17,0.375
12.8,BR,Pull test,0,252677.098,284008.529,963.162,P,0.46,0.09,0.205,0.00407,0.00368,82.2,1,NA,NA,0.108
12.9D,BR,Excavated,0,252675.987,284009.43,963.205,P,0.46,0.09,0.173,0.00602,0.00378,NA,NA,0.00354,0.27,0.333
12.1,BR,Pull test,0,252677.93,284004.189,963.222,P,0.47,0.09,0.121,0.00249,0.00130,58.0,1,NA,NA,0.02
12.11,BR,Pull test,0,252675.755,284008.132,963.184,P,0.41,0.09,0.187,0.00331,0.00460,100.0,1,NA,NA,0.055
14.1,BR,Pull test,0,252685.38,283982.121,963.204,P,0.41,0.04,0.172,0.00361,0.00336,31.2,1,NA,NA,0
14.1D,BR,Excavated,0,252685.38,283982.121,963.204,P,0.41,0.04,0.172,0.00361,0.00336,NA,NA,NA,NA,0.23
14.2,BR,Pull test,0,252685.961,283985.222,963.296,P,0.51,0.04,0.15,0.00266,0.00136,33.3,1,NA,NA,0.029
14.3D,BR,Excavated,0,252685.987,283979.936,963.286,P,0.49,0.04,0.122,0.0059,0.00719,NA,NA,0.00482,0.45,0.465
14.4,BR,Pull test,0,252686.849,283976.315,963.239,P,0.44,0.04,0.175,0.0052,0.00719,104.3,1,NA,NA,0.15
14.5,BR,Pull test,0,252686.631,283975.265,963.241,P,0.44,0.04,0.11,0.00338,0.00233,38.7,1,NA,NA,0.063
14.6,BR,Excavated,0,252689.426,283969.623,963.427,P,0.61,0.04,0.33,0.00853,0.01533,NA,NA,0.00596,0.35,0.375
14.7,BR,Pull test,0,252691.479,283963.694,963.532,P,0.71,0.04,0.268,0.00597,0.00761,130.4,1,NA,NA,0.138
14.8,BR,Pull test,0,252693.527,283955.178,963.648,P,0.8,0.04,0.148,0.00362,0.00210,106.9,1,NA,NA,0
14.8D,BR,Excavated,0,252693.527,283955.178,963.648,P,0.8,0.04,0.148,0.00362,0.00210,NA,NA,0.00104,0.09,0.185
14.9,BR,Pull test,0,252691.782,283951.991,963.539,P,0.69,0.04,0.09,0.0022,0.00141,34.0,1,NA,NA,0
14.9D,BR,Excavated,0,252691.782,283951.991,963.539,P,0.69,0.04,0.09,0.0022,0.00141,NA,NA,0.00066,0.1,0.052
15.1,BR,Pull test,0,252684.078,283975.808,963.242,S,0.44,0.13,0.31,0.00329,0.00322,124.0,0,NA,NA,0.345
15.2,BR,Pull test,0,252682.36,283975.571,963.402,S,0.6,0.13,0.32,0.02182,0.02370,444.6,0,NA,NA,0.035
15.2D,BR,Excavated,0,252682.36,283975.571,963.402,S,0.6,0.13,0.32,0.02182,0.02370,NA,NA,NA,NA,0.345
15.3D,BR,Excavated,0,252683.035,283975.288,963.565,S,0.44,0.13,0.418,0.00835,0.02511,NA,NA,NA,NA,0.34
15.4,BR,Pull test,0,252683.349,283974.451,963.513,S,0.7,0.13,0.725,0.00933,0.02494,542.6,1,NA,NA,0.207
15.5,BR,Pull test,0,252683.109,283973.726,963.44,S,0.7,0.13,0.705,0.01969,0.05539,834.7,1,NA,NA,0.2
15.6D,BR,Excavated,0,252684.204,283973.314,963.508,S,0.7,0.13,0.265,0.00586,0.00725,NA,NA,NA,NA,0.352
16.1,BR,Pull test,0,252682.688,283953.224,963.645,P,0.8,0.01,0.36,0.02979,0.06346,812.3,1,NA,NA,0.188
16.2,BR,Pull test,0,252686.515,283948.899,963.693,P,0.84,0.01,0.233,0.00445,0.01328,291.8,0,NA,NA,0
16.3D,BR,Excavated,0,252691.152,283943.134,963.383,P,0.52,0.01,0.195,0.00332,0.03431,NA,NA,0.00151,0.07,0.232
16.4,BR,Pull test,0,252686.508,283933.547,963.813,P,0.93,0.01,0.175,0.00373,0.00353,133.7,1,NA,NA,0
16.4D,BR,Excavated,0,252686.508,283933.547,963.813,P,0.93,0.01,0.175,0.00373,0.00353,NA,NA,0.00157,0.14,0.395
16.5,BR,Pull test,0,252687.28,283927.507,963.787,P,0.9,0.01,0.495,0.01742,0.07409,866.4,1,NA,NA,0.155
16.6,BR,Pull test,0,252686.538,283916.735,963.88,P,0.97,0.01,0.275,0.00675,0.00953,293.1,1,NA,NA,0.213
16.7D,BR,Excavated,0,252686.918,283906.688,963.836,P,0.91,0.01,0.32,0.01562,0.01627,NA,NA,0.00501,0.47,0.58
16.8,BR,Pull test,0,252683.463,283903.308,963.848,P,0.92,0.01,0.265,0.01131,0.04283,447.3,1,NA,NA,0.175
18.1,BR,Pull test,0,252678.872,283958.88,963.812,P,0.98,0.09,0.56,0.01073,0.02310,550.8,1,NA,NA,0.095
18.2,BR,Pull test,0,252678.373,283954.915,963.805,P,0.97,0.09,0.378,0.00575,0.01253,214.6,1,NA,NA,0.058
18.3D,BR,Excavated,0,252679.373,283947.491,963.772,P,0.92,0.09,0.51,0.02207,0.04597,NA,NA,0.01110,0.17,0.54
18.4,BR,Pull test,0,252678.765,283944.621,963.814,P,0.96,0.09,0.425,0.00755,0.03761,739.9,1,NA,NA,0.16
18.5,BR,Pull test,0,252678.223,283939.802,963.813,P,0.95,0.09,0.44,0.01605,0.03686,437.2,1,NA,NA,0
18.5D,BR,Excavated,0,252678.223,283939.802,963.813,P,0.95,0.09,0.44,0.01605,0.03686,NA,NA,0.01672,0.36,0.515
18.6,BR,Pull test,0,252675.928,283935.684,963.75,P,0.88,0.09,0.588,0.01495,0.06028,973.3,0,NA,NA,0.295
18.7,BR,Pull test,0,252678.239,283931.626,963.822,P,0.94,0.09,0.765,0.03186,0.14569,1789.9,1,NA,NA,0
18.7D,BR,Excavated,0,252678.239,283931.626,963.822,P,0.94,0.09,0.765,0.03186,0.14569,NA,NA,NA,NA,0.572
18.8D,BR,Excavated,0,252679.684,283928.668,963.84,P,0.96,0.09,0.82,0.03739,0.56951,NA,NA,NA,NA,NA
18.9,BR,Pull test,0,252681.244,283923.097,963.864,P,0.97,0.09,0.19,0.00375,0.00169,101.8,1,NA,NA,0.083
18.1,BR,Pull test,0,252678.282,283920.004,963.979,P,1.08,0.09,0.95,0.01082,0.11039,1099.5,1,NA,NA,0
60.1,BR,Pull test,0,252655.254,283947.402,963.902,P,0.99,0.03,0.78,0.01401,0.13115,1421.2,1,NA,NA,0.445
60.2,BR,Pull test,0,252664.004,283954.015,964.074,P,1.19,0.03,0.12,0.00268,0.00131,34.6,1,NA,NA,0.06
60.3,BR,Pull test,0,252662.718,283960.767,964.034,P,1.16,0.03,0.52,0.00971,0.03708,720.9,1,NA,NA,0.213
60.4a,BR,Excavated,0,252659.51,283966.925,964.12,P,1.24,0.03,0.45,0.00622,0.02165,NA,NA,0.01107,0.16,0.52
60.4b,BR,Excavated,0,252659.51,283966.925,964.12,P,1.24,0.03,0.45,0.00762,0.02208,NA,NA,0.00928,0.33,0.43
60.4c,BR,Excavated,0,252659.51,283966.925,964.12,P,1.24,0.03,0.515,0.03495,0.11600,NA,NA,0.02501,0.41,0.54
60.5,BR,Pull test,0,252656.964,283966.529,964.088,P,1.2,0.03,0.5,0.0123,0.07036,1120.8,0,NA,NA,0.35
60.6,BR,Pull test,0,252656.715,283970.31,964.065,P,1.18,0.03,0.46,0.00311,0.00096,54.7,1,NA,NA,0.032
60.7,BR,Pull test,0,252654.412,283955.117,963.927,P,1.02,0.03,0.315,0.00871,0.00814,175.1,1,NA,NA,0.13
60.8,BR,Excavated,0,252652.134,283949.328,963.75,P,0.84,0.03,0.508,0.01169,0.02848,NA,NA,0.00915,0.31,0.05
60.9,BR,Pull test,0,252654.766,283945.356,963.79,P,0.87,0.03,0.522,0.0107,0.02391,615.7,1,NA,NA,0.175
60.1,BR,Pull test,0,252657.073,283945.771,963.908,P,0.99,0.03,0.735,0.01415,0.08733,491.5,0,NA,NA,0.27
60.11,BR,Pull test,0,252653.759,283946.656,963.734,P,0.99,0.03,0.16,0.00666,0.00332,145.5,1,NA,NA,0.06
62.1,BR,Pull test,0,252644.057,283962.35,963.627,P,0.73,0.04,0.94,0.01612,0.00978,1014.9,0,NA,NA,0.28
62.2,BR,Pull test,0,252644.64,283960.943,963.627,P,0.73,0.04,0.375,0.00473,0.00339,162.9,1,NA,NA,0.185
62.3,BR,Pull test,0,252642.096,283961.695,963.733,P,0.83,0.04,0.555,0.00884,0.01553,328.5,1,NA,NA,0.125
62.4,BR,Excavated,0,252641.855,283964.645,963.754,P,0.86,0.04,0.72,0.01991,0.08306,NA,NA,NA,NA,0.485
62.5,BR,Pull test,0,252643.426,283968.319,963.706,P,0.82,0.04,0.13,0.00263,0.00090,16.9,1,NA,NA,0.058
62.6,BR,Pull test,0,252640.852,283972.196,963.765,P,0.88,0.04,0.73,0.0151,0.07608,994.7,1,NA,NA,0.21
62.7,BR,Pull test,0,252642.549,283975.184,963.732,P,0.85,0.04,0.265,0.00372,0.00173,92.7,1,NA,NA,0.06
62.8,BR,Excavated,0,252642.014,283979.638,963.743,P,0.87,0.04,0.49,0.00881,0.02157,NA,0,0.00621,0.14,0.35
62.9,BR,Pull test,0,252642.028,283982.763,963.684,P,0.81,0.04,0.34,0.00811,0.01897,284.9,1,NA,NA,0.03
62.1,BR,Pull test,0,252639.033,283985.209,963.75,P,0.88,0.04,0.47,0.0082,0.00827,187.6,1,NA,NA,0
62.11,BR,Pull test,0,252642.742,283988.952,963.646,P,0.78,0.04,0.43,0.01023,0.02795,434.1,0,NA,NA,0.17
62.12,BR,Excavated,0,252643.996,283992.88,963.612,P,0.75,0.04,0.38,0.00968,0.03307,NA,NA,0.01926,0.18,0.48
62.13,BR,Pull test,0,252643.676,283997.449,963.603,P,0.75,0.04,0.355,0.00635,0.00500,292.7,1,NA,NA,0.195
62.14,BR,Pull test,0,252643.03,284001.725,963.616,P,0.77,0.04,0.27,0.00664,0.00480,90.3,1,NA,NA,0.02
19.1,BR,Pull test,0,252688.678,283896.357,963.787,P,0.84,0.08,0.255,0.01427,0.01529,208.3,1,NA,NA,0
19.2,BR,Pull test,0,252688.011,283891.722,963.857,P,0.91,0.08,0.4,0.02682,0.07973,1828.0,1,NA,NA,0
19.3,BR,Pull test,0,252689.316,283887.107,963.922,P,0.96,0.08,0.41,0.00649,0.01864,389.2,1,NA,NA,0.065
19.4a,BR,Excavated,0,252689.215,283884.151,963.925,P,0.96,0.08,0.645,0.0113,0.20285,NA,NA,NA,NA,0.52
19.4b,BR,Excavated,0,252689.215,283884.151,963.925,P,0.96,0.08,0.645,0.01625,NA,NA,NA,NA,NA,0.56
20.1,BR,Pull test,0,252691.092,283888.112,963.914,P,0.95,0.01,0.085,0.00294,0.00055,34.7,1,NA,NA,0.087
20.2,BR,Pull test,0,252691.544,283885.225,964.052,P,1.09,0.01,0.18,0.00455,0.00286,73.5,1,NA,NA,0.1
20.3,BR,Pull test,0,252691.395,283883.39,964.04,P,1.07,0.01,0.195,0.00434,0.00239,88.5,1,NA,NA,0.078
20.4,BR,Excavated,0,252690.192,283881.557,964.017,P,1.05,0.01,0.395,0.00505,0.00018,NA,NA,0.00723,0.09,0.53
20.5,BR,Pull test,0,252690.605,283878.969,964.083,P,1.12,0.01,0.04,0.00135,NA,NA,NA,NA,NA,NA
20.6,BR,Pull test,0,252690.618,283879.025,964.015,P,1.04,0.01,0.095,0.00221,0.00059,NA,1,NA,NA,0
20.7,BR,Pull test,0,252690.61,283875.589,964.047,P,1.07,0.01,0.105,0.00183,0.00025,NA,1,NA,NA,0
20.8,BR,Pull test,0,252691.293,283873.517,964.087,P,1.1,0.01,0.145,0.00272,0.00144,44.1,1,NA,NA,0
20.9,BR,Excavated,0,252688.712,283873.379,964.173,P,1.19,0.01,0.225,0.00471,0.00288,NA,NA,0.00585,0.19,0.405
20.1,BR,Pull test,0,252689.162,283872.366,964.155,P,1.19,0.01,0.325,0.02243,0.05656,1885.3,0,NA,NA,0.35
20.11,BR,Pull test,0,252689.555,283871.658,964.134,P,1.15,0.01,0.305,0.00679,0.00533,184.3,1,NA,NA,0.028
20.12,BR,Pull test,0,252689.747,283870.254,964.138,P,1.15,0.01,0.145,0.00318,0.00110,NA,1,NA,NA,0.11
25.1,BR,Pull test,0,252684.072,283870.523,963.773,P,0.77,NA,0.24,0.00687,0.00962,269.2,1,NA,NA,0.11
25.2,BR,Pull test,0,252679.619,283865.871,963.641,P,0.62,NA,0.006,0.00084,0.00005,NA,0,NA,NA,0
25.3,BR,Pull test,0,252680.788,283860.019,963.617,P,0.6,NA,0.009,0.00073,0.00006,NA,0,NA,NA,0
25.4,BR,Excavated,0,252678.256,283856.226,963.59,P,0.56,NA,0.009,0.00088,0.00003,NA,NA,NA,NA,0.225
25.5,BR,Pull test,0,252682.716,283844.406,963.614,P,0.57,NA,0.008,0.00082,0.00005,NA,0,NA,NA,0.016
25.6,BR,Pull test,0,252680.572,283846.946,963.499,P,0.46,NA,0.022,0.0115,0.00088,54.3,1,NA,NA,0.115
25.7,BR,Pull test,0,252681.218,283844.443,963.526,P,0.48,NA,0.026,0.0135,0.00081,NA,1,NA,NA,0.065
26.1,BR,Pull test,0,252678.043,283843.162,963.894,P,0.85,0.02,0.305,0.0035,0.00407,91.5,1,NA,NA,0.2
26.2,BR,Pull test,0,252679.531,283837.704,963.803,P,0.76,0.02,0.32,0.00516,0.00669,157.5,0,NA,NA,0.27
26.3,BR,Pull test,0,252681.746,283833.476,963.895,P,0.84,0.02,0.09,0.00142,0.00060,NA,1,NA,NA,0.045
26.4,BR,Excavated,0,252683.231,283830.213,964.026,P,0.97,0.02,0.39,0.01155,0.01410,NA,NA,0.01689,0.25,0.485
26.5,BR,Pull test,0,252683.117,283824.218,964.045,P,0.98,0.02,0.43,0.01149,0.01604,552.9,1,NA,NA,0.23
26.6,BR,Pull test,0,252680.361,283817.861,964.038,P,0.95,0.02,0.3,0.01106,NA,294.5,NA,NA,NA,0.035
26.7,BR,Pull test,0,252682.032,283809.845,964.288,P,1.18,0.02,0.335,0.0158,0.04192,640.1,1,NA,NA,0.29
26.8,BR,Excavated,0,252682.795,283805.115,964.383,P,1.18,0.02,0.255,0.00528,0.00754,NA,NA,0.00762,0.29,0.44
26.9,BR,Pull test,0,252679.521,283803.266,964.169,P,1.04,0.02,0.12,0.00269,0.00043,71.5,1,NA,NA,0.095
26.1,BR,Pull test,0,252680.148,283799.801,964.222,P,1.08,0.02,0.135,0.00501,0.00160,97.4,1,NA,NA,0.035
26.11,BR,Pull test,0,252679.062,283790.734,964.303,P,1.14,0.02,0.36,0.00588,0.00814,219.0,1,NA,NA,0.073
26.12,BR,Excavated,0,252676.658,283774.891,964.323,P,1.11,0.02,0.15,0.00365,0.00189,NA,NA,0.00193,0.27,0.32
26.13,BR,Pull test,0,252675.265,283771.764,964.315,P,1.09,0.02,0.375,0.00894,0.00742,259.8,1,NA,NA,NA
26.14,BR,Pull test,0,252676.959,283766.744,964.237,P,1,0.02,0.22,0.00628,0.00331,170.7,1,NA,NA,0.07
BWR1.1,BWR,Pull test,0,245798.355,3791699.841,240.019,T,0.1,NA,0.695,0.01639,0.01406,164.3,0,NA,NA,0.29
BWR1.2,BWR,Pull test,0,245794.099,3791700.015,240.051,T,0.11,NA,1.607,0.06527,0.09459,1234.4,0,0.03098,0.11,0.64
BWR1.3,BWR,Pull test,0,245800.759,3791701.512,240.028,T,0.08,NA,1.031,0.04139,0.10641,530.4,0,0.02131,0.21,0.54
BWR1.4,BWR,Excavated,0,245800.34,3791701.184,240.013,T,0.06,NA,0.763,0.04024,0.01239,NA,NA,NA,NA,NA
BWR1.5,BWR,Excavated,0,NA,NA,NA,T,NA,NA,0.969,0.02668,NA,NA,NA,NA,NA,0.49
BWR1.6,BWR,Excavated,0,NA,NA,NA,T,NA,NA,0.969,0.01058,0.01598,NA,NA,0.00647,0.38,0.49
BWR1.7,BWR,Pull test,0,245795.244,3791697.172,240.028,P,0.14,NA,2.62,0.025,0.32372,631.2,0,NA,NA,0.63
BWR1.8,BWR,Pull test,0,245798.492,3791699.299,240.054,P,0.13,NA,1.658,0.0257,0.13552,1371.7,0,0.05363,0.17,0.735
BWR1.9,BWR,Pull test,0,245780.3,3791699.134,239.98,T,0.05,NA,1.922,0.07533,0.09405,618.8,0,NA,NA,0.615
BWR2.1,BWR,Pull test,0,245773.707,3791697.048,239.97,T,0.06,NA,2.21,0.06268,0.06340,716.7,0,NA,NA,0.465
BWR2.2,BWR,Pull test,0,245773.344,3791696.036,240.091,T,0.19,NA,1.512,0.04873,0.03935,773.2,0,NA,NA,0.44
BWR2.3,BWR,Pull test,0,245772.419,3791695.778,239.995,T,0.09,NA,1.22,0.02152,0.04408,NA,1,NA,NA,0.665
BWR2.4,BWR,Pull test,0,245772.481,3791695.019,239.982,T,0.09,NA,1.86,0.02217,0.07917,838.3,0,NA,NA,0.475
BWR2.5,BWR,Pull test,0,245770.793,3791693.245,239.877,T,-0.01,NA,0.95,0.00662,0.00914,201.2,0,0.00670,0.09,0.35
BWR2.6,BWR,Pull test,0,245770.142,3791692.358,239.945,T,0.06,NA,0.829,0.02871,0.01612,395.6,0,0.00899,0.31,0.485
BWR2.7,BWR,Pull test,0,245772.107,3791697.146,239.864,T,-0.04,NA,0.692,0.00627,0.00852,102.1,0,NA,NA,0.535
BWR2.8,BWR,Pull test,0,245772.03,3791697.265,239.892,T,-0.01,NA,0.995,0.01854,0.00738,183.0,1,NA,NA,0.34
BWR2.9,BWR,Pull test,0,245770.591,3791693.135,239.921,T,0.04,NA,1.05,0.02495,0.02578,408.1,0,NA,NA,0.57
BWR2.10,BWR,Pull test,0,245769.408,3791692.743,239.902,T,0.02,NA,2.32,0.03464,0.06571,863.4,0,NA,NA,0.695
BWR2.11,BWR,Excavated,0,245770.407,3791693.074,239.865,T,-0.01,NA,0.392,0.00706,0.00307,NA,NA,0.00390,0.19,0.468
BWR2.12,BWR,Pull test,0,245768.845,3791692.067,239.881,T,0,NA,1.3,0.01898,0.01983,355.3,0,NA,NA,0.463
BWR2.13,BWR,Pull test,0,245770.798,3791693.086,239.878,T,0,NA,1.31,0.01986,0.01421,277.5,0,NA,NA,0.445
BWR2.14,BWR,Pull test,0,245773.26,3791697.801,239.928,T,0.02,NA,0.625,0.00474,0.00823,274.3,1,NA,NA,0
BWR2.15,BWR,Excavated,0,245776.642,3791697.829,239.914,T,0,NA,1.185,0.06225,0.09675,NA,NA,0.01829,0.33,0.69
BWR2.16,BWR,Pull test,0,245771.038,3791694.23,239.98,T,0.09,NA,1.43,0.0178,0.04604,526.5,0,NA,NA,0.395
BWR2.17,BWR,Pull test,0,245772.021,3791697.404,240.007,T,0.1,NA,1,0.0194,0.02720,153.8,1,NA,NA,0.325
BWR2.18,BWR,Pull test,0.2,245771.912,3791697.122,240.017,T,0.11,NA,0.8,0.0088,0.01201,172.6,1,NA,NA,0.395
BWR2.19,BWR,Pull test,0.2,245770.876,3791694.781,239.938,T,0.05,NA,1.71,0.05851,0.05375,161.8,0,0.01978,0.41,0.43
BWR2.20,BWR,Pull test,0.2,245770.829,3791694.757,239.943,T,0.05,NA,2.51,0.04057,0.05236,206.9,0,0.01640,0.28,0.44
BWR2.21,BWR,Pull test,0.2,245771.031,3791693.312,239.894,T,0.01,NA,1.42,0.01322,0.02039,191.5,0,NA,NA,0.565
BWR2.22,BWR,Pull test,0.2,245771.299,3791697.427,239.944,T,0.04,NA,0.885,0.00547,0.00907,311.7,1,NA,NA,0.41
BWR1.11,BWR,Pull test,0,245793.418,3791696.975,240.153,P,0.24,NA,1.75,0.01686,0.05577,1017.1,1,NA,NA,0.395
BWR1.12,BWR,Pull test,0,245794.708,3791697.203,240.107,P,0.21,NA,1.33,0.0123,0.01530,643.0,1,NA,NA,0.055
BWR1.13,BWR,Pull test,0,245804.227,3791703.021,240.061,P,0.1,NA,2.021,0.03223,0.31520,2314.1,0,NA,NA,0.532
BWR3.2,BWR,Pull test,0,245798.489,3791687.828,239.212,P,-0.81,NA,0.975,0.00687,0.01087,104.8,0,NA,NA,0.25
BWR3.3,BWR,Pull test,0,245798.258,3791687.837,239.211,P,-0.79,NA,0.832,0.00573,0.00924,53.6,1,NA,NA,0.192
BWR3.4,BWR,Pull test,0,245797.909,3791687.897,239.283,P,-0.73,NA,1.43,0.01029,0.02735,97.4,1,NA,NA,0.2
BWR3.5,BWR,Pull test,0,245797.693,3791687.822,239.215,P,-0.8,NA,1.092,0.00854,0.01006,80.1,1,NA,NA,0.225
BWR3.6,BWR,Pull test,0,245797.391,3791687.844,239.348,P,-0.67,NA,1.562,0.00912,0.02375,163.7,0,NA,NA,0.19
BWR3.7,BWR,Pull test,0,245796.145,3791687.746,239.294,P,-0.72,NA,1.805,0.01087,0.03307,140.0,0,NA,NA,0.248
BWR3.8,BWR,Pull test,0,245795.616,3791687.853,239.249,P,-0.74,NA,1.5,0.01007,0.02677,70.0,0,NA,NA,0.26
BWR3.9,BWR,Pull test,0,245795.364,3791687.651,239.217,P,-0.79,NA,0.985,0.00988,0.01482,31.7,0,NA,NA,0.178
BWR3.10,BWR,Pull test,0,245793.771,3791689.114,239.248,P,-0.76,NA,0.902,0.00485,0.00718,25.1,0,NA,NA,0.175
BWR3.11,BWR,Pull test,0,245795.385,3791689.698,239.429,P,-0.59,NA,0.642,0.00402,0.00324,64.7,0,0.00194,0.16,0.29
BWR3.12,BWR,Pull test,0,245795.34,3791689.497,239.401,P,-0.61,NA,0.442,0.00676,0.00343,72.4,0,0.00218,0.14,0.272
BWR3.13,BWR,Pull test,0,245796.114,3791690.279,239.556,P,-0.44,NA,0.755,0.01655,0.04309,200.2,1,NA,NA,0.455
BWR3.14,BWR,Pull test,0,245796.571,3791689.745,239.45,P,-0.55,NA,0.785,0.00547,0.00773,74.7,1,0.00500,0.11,0.242
BWR3.15,BWR,Pull test,0,245797.226,3791690.23,239.486,P,-0.54,NA,1.015,0.00837,0.01473,211.1,0,NA,NA,0.28
BWR3.16,BWR,Pull test,0,245797.371,3791690.151,239.487,P,-0.54,NA,0.62,0.00831,0.01087,331.3,0,0.00755,0.09,0.322
BWR4.1,BWR,Pull test,0,245680.804,3791636.71,239.235,P,-0.22,NA,1.175,0.01538,0.03844,883.4,0,NA,NA,0.59
BWR4.2,BWR,Pull test,0,245681.078,3791637.405,239.298,T,-0.17,NA,0.715,0.00779,0.00676,99.1,1,0.00272,0.21,0.362
BWR4.3,BWR,Pull test,0,245679.472,3791637.363,239.476,T,0.02,NA,0.84,0.01721,0.02625,384.7,1,NA,NA,0.215
BWR4.4,BWR,Pull test,0.2,245672.911,3791633.222,239.37,P,0.02,NA,1.82,0.02252,0.13305,836.1,0,0.04517,0.19,0.785
BWR4.5,BWR,Pull test,0,245673.595,3791635.678,239.288,S,-0.09,NA,1.99,0.02471,0.04458,1442.6,0,0.02525,0.56,0.59
BWR4.6,BWR,Pull test,0,245673.836,3791635.361,239.372,S,0,NA,1.53,0.02719,0.02851,1407.8,0,NA,NA,0.445
BWR4.7,BWR,Pull test,0.2,245672.241,3791632.464,239.347,P,0.01,NA,2.31,0.0237,0.12807,1348.4,0,0.03291,0.58,0.72
BWR4.8,BWR,Pull test,0,245671.051,3791633.672,239.334,S,0.01,NA,1.745,0.02302,0.06242,2058.3,0,0.04021,0.2,0.755
BWR4.9,BWR,Pull test,0,245671.642,3791632.032,239.397,T,NA,NA,1.15,0.0188,0.02166,253.3,0,NA,NA,0.285
BWR4.10,BWR,Excavated,0,245672.205,3791632.685,239.345,T,0,NA,0.755,0.01534,0.01421,NA,NA,0.01089,0.26,0.685
BWR4.11,BWR,Excavated,0,245737.036,3791662.332,239.899,P,0.56,NA,0.72,0.00893,0.01243,NA,NA,0.00923,0.35,0.51
BWR5.1,BWR,Pull test,0,245651.528,3791626.956,239.274,P,0.06,NA,0.671,0.01451,0.01603,162.3,0,NA,NA,0
BWR5.2,BWR,Pull test,0.2,245647.441,3791628.084,239.292,P,0.1,NA,0.845,0.01075,0.03293,541.4,1,NA,NA,0.29
BWR5.3,BWR,Pull test,0.2,245643.868,3791625.749,239.251,P,0.06,NA,1.43,0.0193,0.05187,918.0,0,0.02931,0.36,0.65
BWR5.4,BWR,Pull test,0,245643.193,3791626.447,239.248,P,0.06,NA,0.785,0.0244,0.06724,673.5,0,NA,NA,0.455
BWR5.6,BWR,Pull test,0,245645.542,3791623.802,239.334,P,0.14,NA,1.17,0.01255,0.04649,703.1,0,0.01562,0.32,0.565
BWR5.7,BWR,Pull test,0.2,245635.044,3791618.676,239.353,P,0.18,NA,1,0.0156,0.02919,593.9,1,NA,NA,0.535
BWR5.8,BWR,Pull test,0.2,245631.718,3791616.456,239.26,P,0.09,NA,0.71,0.01314,0.03210,416.0,0,NA,NA,0.545
BWR5.9,BWR,Pull test,0,245628.868,3791619.124,239.182,P,0,NA,0.91,0.02913,0.09773,596.0,0,NA,NA,0.435
BWR5.10,BWR,Pull test,0.2,245630.33,3791616.246,239.208,T,0.03,NA,0.66,0.01007,0.00684,172.6,1,NA,NA,0.355
BWR5.11,BWR,Pull test,0,245629.457,3791615.451,239.212,T,0.04,NA,0.615,0.01836,0.01152,416.1,0,NA,NA,0.41
BWR5.12,BWR,Pull test,0,245629.082,3791614.873,239.233,T,0.07,NA,0.465,0.00814,0.00411,181.3,0,0.00235,0.12,0.405
BWR5.13,BWR,Pull test,0.2,245629.887,3791614.412,239.275,T,0.11,NA,0.745,0.01041,0.01459,208.1,0,NA,NA,0.44
BWR5.14,BWR,Pull test,0,245629.061,3791614.336,239.24,T,0.07,NA,1.07,0.02528,0.02196,744.3,0,0.00510,0.08,0.82
BWR6.1,BWR,Pull test,0,245669.014,3791646.85,239.338,P,-0.03,NA,1.227,0.07065,0.07830,964.1,0,NA,NA,0.585
BWR6.2,BWR,Pull test,0,245668.943,3791647.979,239.328,P,-0.05,NA,1.155,0.06261,0.17117,1726.6,0,NA,NA,0.675
BWR6.3,BWR,Pull test,0,245669.278,3791647.665,239.366,P,-0.5,NA,1.165,0.04146,0.15346,1869.1,0,NA,NA,0.55
BWR6.4,BWR,Pull test,0.2,245670.365,3791646.711,239.366,P,-0.04,NA,1.201,0.02688,0.16149,2029.4,0,NA,NA,0.82
BWR6.5,BWR,Pull test,0.2,245671.135,3791649.334,239.375,P,-0.08,NA,1.125,0.03564,0.07001,523.6,0,NA,NA,0.545
BWR6.6,BWR,Pull test,0,245666.112,3791645.683,239.311,T,-0.04,NA,0.555,0.01391,0.00616,249.0,1,0.00284,0.14,0.465
BWR6.7,BWR,Pull test,0,245665.821,3791645.93,239.329,T,-0.03,NA,0.655,0.03145,0.03218,569.8,1,0.01054,0.15,0.665
BWR6.9,BWR,Pull test,0,245663.667,3791645.938,239.294,T,-0.04,NA,0.965,0.02187,0.02993,330.7,1,NA,NA,0.505
BWR6.11,BWR,Pull test,0,245663.655,3791645.018,239.233,P,-0.1,NA,0.88,0.0154,0.02116,183.8,1,0.01071,0.23,0.21
BWR6.12,BWR,Pull test,0,245667.47,3791641.563,238.927,S,-0.41,NA,1.26,0.0072,0.01440,185.8,1,NA,NA,0.265
BWR6.13,BWR,Pull test,0,245667.607,3791641.557,238.943,T,-0.39,NA,0.975,0.00622,0.02080,216.1,0,NA,NA,0.325
BWR6.14,BWR,Pull test,0,245667.912,3791641.458,239.056,P,-0.28,NA,1.145,0.01291,0.04644,898.0,0,NA,NA,0.355
BWR6.15,BWR,Pull test,0,245667.612,3791641.138,238.971,S,-0.36,NA,1.047,0.01023,0.01979,268.4,0,0.02136,0.3,0.39
BWR6.16,BWR,Pull test,0,245667.574,3791640.356,239.029,P,-0.3,NA,1.56,0.00992,0.04093,372.7,0,NA,NA,0.47
BWR6.17,BWR,Pull test,0,245667.117,3791639.672,238.959,P,-0.36,NA,1.41,0.00959,0.02345,311.1,1,NA,NA,0.255
BWR6.18,BWR,Pull test,0,245666.807,3791639.086,239.029,P,-0.28,NA,1.977,0.0196,0.15725,1792.5,0,NA,NA,0.469
SMR1.1,SMR,Pull test,0,271728.545,3798278.355,364.569,T,0.43,NA,0.612,0.00771,0.14892,782.3,1,NA,NA,0
SMR1.2,SMR,Pull test,0,271728.517,3798278.23,364.505,T,0.37,NA,1.025,0.0136,0.00555,664.4,1,NA,NA,0.23
SMR1.3,SMR,Pull test,0,271729.168,3798278.689,364.477,T,0.34,NA,1.81,0.03332,0.07931,2302.9,1,NA,NA,0.52
SMR1.4,SMR,Pull test,0,271729.272,3798278.425,364.579,T,0.44,NA,1.035,0.01567,0.01013,890.2,1,NA,NA,0.4
SMR1.5,SMR,Pull test,0,271729.374,3798278.428,364.511,T,0.37,NA,1.08,0.01568,0.03427,985.1,0,NA,NA,0.332
SMR1.6,SMR,Pull test,0,271726.781,3798278.152,364.519,P,0.37,NA,0.83,0.00727,0.01008,482.9,1,NA,NA,0.048
SMR1.7,SMR,Pull test,0,271726.928,3798278.104,364.494,P,0.35,NA,1.55,0.01529,0.03403,1212.1,1,NA,NA,0.332
SMR2.1,SMR,Pull test,0,271536.41,3798405.764,363.909,P,0.74,NA,1.2,0.02048,0.02823,1400.5,0,NA,NA,0.295
SMR2.2,SMR,Pull test,0,271537.988,3798404.308,363.837,P,0.67,NA,0.556,0.00817,0.01462,366.4,1,NA,NA,0.07
SMR2.3,SMR,Pull test,0,271538.436,3798404.145,363.831,P,0.66,NA,0.55,0.01115,0.01988,320.2,1,NA,NA,0.092
SMR2.4,SMR,Pull test,0,271538.569,3798403.183,363.816,P,0.64,NA,0.61,0.00945,0.03480,838.7,0,NA,NA,0.26
SMR2.5,SMR,Pull test,0.2,271540.345,3798403.318,363.854,P,0.67,NA,1.16,0.02455,0.09578,2155.0,1,NA,NA,0.556
SMR2.6,SMR,Pull test,0.2,271541.431,3798402.519,363.871,P,0.7,NA,1.11,0.03057,0.08363,815.4,1,NA,NA,0.399
SMR2.7,SMR,Pull test,0.2,271543.126,3798402.067,363.832,P,0.64,NA,0.799,0.03406,0.03480,550.9,1,0.01146,0.04,0.475
SMR2.8,SMR,Pull test,0.2,271544.005,3798402.32,363.775,P,0.58,NA,1.45,0.02561,0.09045,1071.9,1,NA,NA,0.39
SMR2.9,SMR,Pull test,0.2,271544.486,3798401.899,363.786,P,0.59,NA,1.55,0.0348,0.12304,1337.5,1,NA,NA,0.545
SMR2.10,SMR,Pull test,0.2,271545.281,3798401.029,363.805,P,0.61,NA,1.05,0.01823,0.06014,1040.5,0,NA,NA,0.38
SMR2.11,SMR,Pull test,0.2,271545.764,3798400.814,363.81,P,0.6,NA,0.69,0.01299,0.01410,244.4,1,NA,NA,0.525
SMR2.12,SMR,Pull test,0,271545.623,3798400.127,363.884,P,0.67,NA,0.61,0.00925,0.01199,904.2,1,NA,NA,0.262
SMR2.13,SMR,Pull test,0,271547.932,3798399.933,363.828,P,0.61,NA,1.025,0.01062,0.01531,1052.5,1,NA,NA,0.295
SMR2.14,SMR,Pull test,0,271548.601,3798398.858,363.891,P,0.68,NA,0.4,0.00365,0.00381,244.3,1,NA,NA,0.273
SMR2.15,SMR,Pull test,0,271549.715,3798398.946,363.846,P,0.62,NA,0.52,0.00371,0.00510,197.7,1,NA,NA,0.04
SMR2.16,SMR,Pull test,0,271549.927,3798398.809,363.841,P,0.62,NA,0.72,0.00415,0.00988,165.4,1,NA,NA,0.125
SMR2.21,SMR,Pull test,0,271551.757,3798398.011,363.812,T,0.58,NA,0.55,0.01412,0.01839,313.2,1,0.00310,0.2,0.25
SMR2.23,SMR,Pull test,0,271554.213,3798401.579,363.738,T,0.5,NA,0.52,0.00946,0.01840,412.0,1,NA,NA,0.101
SMR2.24,SMR,Pull test,0,271554.236,3798400.914,363.741,T,0.5,NA,1,0.00813,0.00553,326.2,1,NA,NA,0.31
SMR3.3,SMR,Pull test,0,271615.058,3798427.379,363.881,T,0.47,NA,0.801,0.00989,0.01517,350.6,1,NA,NA,0.245
SMR3.4,SMR,Pull test,0,271615.244,3798427.42,363.898,T,0.5,NA,0.428,0.00726,0.00924,216.9,1,NA,NA,0.22
SMR3.5,SMR,Pull test,0,271615.295,3798427.342,363.891,T,0.49,NA,0.59,0.0056,0.00596,208.6,1,NA,NA,0
SMR3.7,SMR,Pull test,0,271615.136,3798426.842,363.862,T,0.44,NA,0.565,0.0066,0.00683,182.7,1,NA,NA,0.098
SMR3.9,SMR,Pull test,0,271616.374,3798425.272,363.882,T,0.45,NA,0.52,0.00452,0.00660,266.5,1,NA,NA,0.19
SMR3.10,SMR,Pull test,0,271617.059,3798424.999,363.896,T,0.46,NA,0.61,0.00805,0.00917,321.2,1,NA,NA,0
SMR3.11,SMR,Pull test,0,271617.869,3798424.627,363.864,T,0.42,NA,1.13,0.00917,0.03728,888.9,1,NA,NA,0.375
SMR3.12,SMR,Pull test,0,271618.165,3798425.404,363.869,T,0.45,NA,0.89,0.01446,0.03209,876.1,0,NA,NA,0.4
SMR3.15,SMR,Pull test,0,271618.195,3798424.171,363.849,T,0.4,NA,0.65,0.0032,0.00277,201.7,1,NA,NA,0.95
SMR3.16,SMR,Pull test,0,271618.405,3798423.987,363.853,T,0.41,NA,1.16,0.00726,0.00952,682.8,0,NA,NA,0.11
SMR3.17,SMR,Pull test,0,271620.301,3798424.124,363.791,T,0.36,NA,0.34,0.00702,0.00200,102.3,1,NA,NA,0.12
SMR3.18,SMR,Pull test,0,271620.268,3798424.36,363.783,T,0.35,NA,0.52,0.00614,0.00365,772.0,1,NA,NA,0.12
SMR3.19,SMR,Pull test,0,271620.588,3798424.325,363.799,T,0.36,NA,0.895,0.01179,0.01074,416.5,1,NA,NA,0.14
SMR3.20,SMR,Excavated,0,271623.456,3798422.437,363.82,T,0.36,NA,1,0.01715,0.04258,NA,NA,0.01972,0.29,0.55
SMR3.21,SMR,Excavated,0,NA,NA,NA,T,NA,NA,0.71,0.01019,0.01440,NA,NA,0.01960,0.12,0.8
SMR3.22,SMR,Excavated,0,NA,NA,NA,T,NA,NA,0.36,0.00631,0.00450,NA,NA,0.00313,0.03,0.48
SMR3.23,SMR,Pull test,0,NA,NA,NA,T,NA,NA,0.46,0.01015,0.00534,NA,NA,0.00716,0.12,0.57
SMR3.24,SMR,Pull test,0.3,271619.948,3798424.281,363.837,P,0.4,NA,1.5,0.01514,0.06662,431.4,0,0.01087,0.09,0.52
SMR3.25,SMR,Pull test,0.3,271619.073,3798424.668,363.821,P,0.39,NA,1.23,0.01411,0.05960,415.2,0,NA,NA,0.49
SMR3.27,SMR,Pull test,0,271617.055,3798425.479,363.923,P,0.49,NA,0.415,0.00494,0.00788,271.0,1,NA,NA,0.11
SMR3.28,SMR,Pull test,0.3,271617.303,3798425.774,363.842,P,0.4,NA,0.655,0.0096,0.02034,147.2,1,NA,NA,0.3
SMR3.29,SMR,Pull test,0,271616.855,3798426.27,363.848,P,0.44,NA,0.83,0.01835,0.06770,877.4,0,NA,NA,0.245
SMR3.30,SMR,Pull test,0,271616.21,3798426.428,363.844,P,0.43,NA,1.22,0.01476,0.05060,922.1,0,NA,NA,0.29
SMR3.31,SMR,Pull test,0,271617.461,3798427.037,363.793,P,0.39,NA,1.175,0.01171,0.04410,785.1,1,NA,NA,0.245
SMR3.32,SMR,Pull test,0,271616.866,3798428.061,363.741,P,0.37,NA,0.737,0.01216,0.03480,650.2,1,NA,NA,0.11
SMR3.33,SMR,Pull test,0.3,271616.298,3798427.553,363.866,P,0.47,NA,1.065,0.01179,0.05820,675.1,1,NA,NA,0.435
SMR3.34,SMR,Pull test,0,271615.48,3798427.278,363.895,P,0.5,NA,0.465,0.01115,0.01839,265.8,1,NA,NA,0.165
SMR3.35,SMR,Pull test,0,271615.506,3798426.898,363.859,P,0.46,NA,0.54,0.00618,0.01189,243.8,0,NA,NA,0.125
SMR3.36,SMR,Pull test,0,271614.979,3798428.75,363.874,P,0.5,NA,0.675,0.02724,0.05687,1057.0,1,NA,NA,0
SMR3.37,SMR,Pull test,0,271613.6,3798428.439,363.847,P,0.45,NA,0.5,0.00902,0.02149,585.7,1,0.00575,0.16,0.41
SMR3.38,SMR,Pull test,0,271613.503,3798428.416,363.847,P,0.45,NA,0.42,0.00668,0.01396,549.1,1,NA,NA,0.375
SMR3.39,SMR,Pull test,0.3,271615.024,3798429.987,363.782,P,0.42,NA,0.93,0.01465,0.03648,96.8,0,0.00773,0.15,0.29
SMR3.40,SMR,Pull test,0.3,271614.816,3798430.078,363.808,P,0.45,NA,1.34,0.01798,0.11707,133.0,1,NA,NA,0.17
SMR3.41,SMR,Pull test,0.3,271637.346,3798404.133,363.969,T,0.4,NA,0.621,0.00861,0.00826,126.7,1,0.00574,0.15,0.53
SMR3.42,SMR,Pull test,0.3,271637.566,3798403.904,363.978,T,0.41,NA,0.5,0.0164,0.00563,121.4,1,0.00506,0.16,0.4
SMR3.43,SMR,Pull test,0.3,271637.603,3798403.748,363.995,T,0.43,NA,0.755,0.00413,0.00545,116.6,1,0.00375,0.19,0.395
SMR3.44,SMR,Pull test,0.3,271638.058,3798404.157,364.015,T,0.44,NA,0.66,0.0224,0.03327,316.9,0,0.01947,0.06,0.85
SMR3.45,SMR,Pull test,0.3,271638.124,3798404.235,363.999,T,0.42,NA,0.49,0.01127,0.01982,123.5,0,NA,NA,0.455
SMR3.47,SMR,Pull test,0.2,271639.433,3798404.311,364.021,T,0.44,NA,0.94,0.0052,0.00909,470.7,1,0.00581,0.16,0.485
SMR3.48,SMR,Pull test,0.2,271639.601,3798403.583,364.034,T,0.45,NA,0.91,0.00433,0.00466,365.1,1,NA,NA,0.375
SMR3.49,SMR,Pull test,0.2,271640.105,3798403.2,364.03,T,0.44,NA,0.92,0.00555,0.00674,114.1,1,NA,NA,0.295
SMR3.50,SMR,Pull test,0.2,271640.964,3798402.501,363.984,T,0.38,NA,0.83,0.01851,0.01335,921.1,1,NA,NA,0.475
SMR3.51,SMR,Pull test,0.2,271638.791,3798403.763,364.013,T,0.44,NA,0.395,0.00364,0.00408,242.4,1,NA,NA,0.305
SMR3.53,SMR,Excavated,0,271615.967,3798426.884,363.848,P,0.45,NA,0.465,0.01852,0.03616,NA,NA,0.01272,0.15,0.64
SMR3.54,SMR,Excavated,0,271615.941,3798426.632,363.817,P,0.39,NA,0.7,0.01056,0.02566,NA,NA,0.01106,0.17,0.63
SMR3.55,SMR,Excavated,0,271615.358,3798426.547,363.865,P,0.44,NA,0.745,0.016,0.02786,NA,NA,0.00880,0.16,0.62
SMR3.56,SMR,Excavated,0,271615.303,3798426.681,363.885,P,0.46,NA,0.62,0.00566,0.01323,NA,NA,0.00531,0.08,0.645
SMR3.57,SMR,Excavated,0,NA,NA,NA,T,NA,NA,0.25,0.00207,0.00061,NA,NA,0.00170,0.07,0.42
SMR3.58,SMR,Excavated,0,NA,NA,NA,P,NA,NA,0.515,0.01337,0.02707,NA,NA,0.00953,0.13,0.615
SMR4.1,SMR,Pull test,0,271750.802,3798347.414,364.448,P,-0.02,NA,1.05,0.00729,0.03178,282.7,0,0.00556,0.16,0.308
SMR4.2,SMR,Pull test,0,271750.142,3798347.629,364.477,P,0.01,NA,1.25,0.01166,0.07014,743.1,0,0.01565,0.17,0.52
SMR4.3,SMR,Pull test,0,271750.369,3798347.332,364.492,P,0.03,NA,0.68,0.00891,0.03155,482.4,1,NA,NA,0.265
SMR4.4,SMR,Pull test,0,271750.791,3798347.008,364.439,P,-0.02,NA,0.699,0.00668,0.02306,294.1,1,NA,NA,0.165
SMR4.5,SMR,Pull test,0,271751.66,3798347.634,364.541,P,0.07,NA,0.45,0.00476,0.01157,274.6,1,NA,NA,0.185
SMR4.7,SMR,Pull test,0,271751.691,3798346.857,364.47,P,0,NA,0.865,0.01251,0.06071,519.1,1,0.00560,0.1,0.35
SMR4.8,SMR,Pull test,0,271751.885,3798346.871,364.452,P,-0.02,NA,0.935,0.00941,0.04401,548.0,1,0.00639,0.13,0.298
SMR4.9,SMR,Pull test,0.2,271752.317,3798346.404,364.501,P,0.02,NA,0.83,0.00656,0.01203,250.7,1,NA,NA,0.36
SMR4.10,SMR,Pull test,0.2,271753.149,3798347.599,364.517,P,0.04,NA,1.509,0.01277,0.08939,371.6,0,0.01808,0.15,0.455
SMR4.11,SMR,Pull test,0,271750.251,3798346.464,364.473,T,0.01,NA,1.085,0.01181,0.01154,617.6,1,NA,NA,0.39
SMR4.12,SMR,Pull test,0,271750.463,3798346.61,364.468,T,0.01,NA,0.875,0.00855,0.00829,456.5,1,0.00510,0.12,0.34
SMR4.13,SMR,Pull test,0,271748.753,3798346.707,364.425,T,-0.02,NA,0.88,0.00532,0.00556,315.8,1,NA,NA,0.39
SMR4.14,SMR,Pull test,0,271749.194,3798346.733,364.483,T,0.03,NA,0.96,0.00612,0.00977,408.8,0,NA,NA,0.34
SMR4.15,SMR,Pull test,0.2,271752.303,3798346.771,364.49,T,0.01,NA,0.565,0.00399,0.00399,419.6,1,0.00385,0.11,0.33
SMR4.16,SMR,Pull test,0.2,271752.782,3798347.438,364.49,T,0.01,NA,0.525,0.00644,0.00690,87.3,1,NA,NA,0.34
SMR4.17,SMR,Pull test,0.2,271752.936,3798346.596,364.54,T,0.06,NA,0.44,0.00605,0.00435,99.0,1,NA,NA,0.2
SMR4.18,SMR,Pull test,0,271753.313,3798346.414,364.499,T,0.01,NA,0.74,0.01041,0.00911,300.6,1,NA,NA,0.255
SMR4.19,SMR,Pull test,0,271752.741,3798345.432,364.465,T,-0.01,NA,0.845,0.00369,0.00578,249.3,1,NA,NA,0.295
S62.1,BR,Pull test,0.1,252639.718,283988.423,963.711,P,0.81,0.04,0.225,0.00414,0.00378,105.5,1,NA,NA,0.19
S62.2,BR,Pull test,0.2,252640.053,283988.38,963.687,P,0.79,0.04,0.205,0.00711,0.00929,46.4,1,NA,NA,0.285
S62.3,BR,Pull test,0.3,252639.182,283987.922,963.747,P,0.85,0.04,0.225,0.00592,0.00769,28.3,1,NA,NA,0.305
S62.4,BR,Pull test,0.1,252640.203,283986.388,963.725,P,0.83,0.04,0.62,0.01378,0.05689,732.0,1,NA,NA,0.33
S62.5,BR,Pull test,0.2,252641.321,283986.145,963.698,P,0.8,0.04,0.55,0.01,0.04085,422.2,1,NA,NA,0.185
S62.6,BR,Pull test,0.3,252639.413,283985.733,963.685,P,0.79,0.04,0.54,0.0166,0.05403,186.7,1,NA,NA,0.382
S62.7,BR,Pull test,0.2,252644.4,283965.994,963.63,P,0.73,0.04,1.15,0.02837,0.23660,NA,1,NA,NA,0.43
S62.8,BR,Pull test,0.1,252645.398,283966.726,963.582,P,0.68,0.04,0.915,0.02713,0.12750,1256.9,1,NA,NA,0.85
S62.9,BR,Pull test,0.3,252645.098,283967.768,963.633,P,0.73,0.04,0.88,0.0227,0.16020,915.9,0,NA,NA,1.3
S62.10,BR,Pull test,0.1,252644.685,283967.032,963.665,P,0.77,0.04,0.555,0.00944,0.02375,399.2,1,NA,NA,0.208
S62.11,BR,Pull test,0.2,252643.086,283965.088,963.742,P,0.84,0.04,0.69,0.01545,0.06426,215.2,1,NA,NA,0.3
S62.12,BR,Pull test,0.3,252642.887,283966.549,963.725,P,0.83,0.04,0.585,0.0116,0.04630,47.8,1,NA,NA,0.35
S60.1,BR,Pull test,0.1,252655.118,283945.408,963.817,P,0.9,0.03,0.24,0.00724,0.00916,141.9,1,NA,NA,0.185
S60.2,BR,Pull test,0.2,252654.582,283946.924,963.863,P,0.95,0.03,0.335,0.00743,0.01425,109.6,1,NA,NA,0.235
S60.3,BR,Pull test,0.3,252654.709,283947.828,963.895,P,0.98,0.03,0.45,0.01057,0.02820,132.2,1,NA,NA,0.395
S60.4,BR,Pull test,0.3,252655.873,283946.788,963.902,P,0.99,0.03,0.88,0.01949,0.21440,467.3,1,0.01091,0.28,0.32
S60.5,BR,Pull test,0.2,252655.687,283949.533,963.956,P,1.04,0.03,0.81,0.0237,0.20910,919.6,0,NA,NA,0.405
S60.6,BR,Pull test,0.1,252654.434,283950.458,963.926,P,1.01,0.03,0.78,0.0168,0.10870,676.8,0,NA,NA,0.255
S60.7,BR,Pull test,0.1,252653.392,283949.329,963.835,P,0.92,0.03,0.295,0.00499,0.00539,111.1,1,NA,NA,0.14
S60.8,BR,Pull test,0.2,252653.393,283949.798,963.831,P,0.91,0.03,0.51,0.0091,0.02519,987.6,1,NA,NA,0.27
S60.9,BR,Pull test,0.3,252653.458,283950.899,963.904,P,0.99,0.03,0.28,0.00537,0.00726,15.8,0,0.00218,0.07,0.3
S60.10,BR,Pull test,0.1,252652.838,283954.314,963.916,P,1,0.03,0.56,0.01275,0.02590,301.1,1,NA,NA,0.275
S60.11,BR,Pull test,0.2,252654.307,283954.047,963.974,P,1.06,0.03,0.38,0.0069,0.00721,61.9,1,NA,NA,0.24
S60.12,BR,Pull test,0.3,252655.104,283954.986,963.982,P,1.07,0.03,0.48,0.00695,0.01667,43.1,1,NA,NA,0.355
S16.1,BR,Pull test,0.1,252689.212,283938.798,963.585,P,0.69,0.01,0.15,0.00298,0.00182,23.9,0,NA,NA,0.21
S16.2,BR,Pull test,0.2,252688.981,283938.325,963.643,P,0.74,0.01,0.15,0.00299,0.00284,7.7,0,NA,NA,0.21
S16.3,BR,Pull test,0.3,252688.696,283938.293,963.622,P,0.72,0.01,0.2,0.00414,0.00406,8.4,0,0.00169,0.12,0.38
S16.4,BR,Pull test,0.1,252689.785,283937.586,963.497,P,0.6,0.01,0.5,0.01058,0.02167,363.4,1,NA,NA,0.235
S16.5,BR,Pull test,0.2,252690.283,283937.578,963.47,P,0.57,0.01,0.4,0.00871,0.01596,208.6,0,NA,NA,0.24
S16.6,BR,Pull test,0.3,252690.492,283938.684,963.476,P,0.58,0.01,0.55,0.0103,0.02440,68.6,1,NA,NA,0.355
S16.7,BR,Pull test,0.1,252687.573,283942.437,963.692,P,0.79,0.01,0.2,0.0035,0.00257,30.3,1,NA,NA,0.14
S16.8,BR,Pull test,0.2,252687.461,283942.77,963.707,P,0.81,0.01,0.2,0.00537,0.00387,41.2,1,NA,NA,0.22
S16.9,BR,Pull test,0.3,252688.576,283942.26,963.621,P,0.72,0.01,0.35,0.00575,0.00808,24.8,1,NA,NA,0.255
S16.10,BR,Pull test,0.1,252688.932,283944.466,963.596,P,0.7,0.01,0.5,0.01533,0.03890,442.4,1,NA,NA,0.275
S16.11,BR,Pull test,0.2,252690.697,283944.053,963.396,P,0.5,0.01,0.45,0.0103,0.01970,105.0,1,NA,NA,0.25
S16.12,BR,Pull test,0.3,252689.504,283945.085,963.514,P,0.61,0.01,0.45,0.0155,0.03480,202.1,0,NA,NA,0.38
S12.1,BR,Pull test,0.1,252677.28,284007.858,963.222,P,0.5,0.09,0.15,0.00486,0.00310,69.1,1,NA,NA,0.195
S12.2,BR,Pull test,0.2,252677.599,284007.867,963.207,P,0.48,0.09,0.15,0.00396,0.00216,24.8,1,NA,NA,0.235
S12.3,BR,Pull test,0.3,252677.224,284009.046,963.198,P,0.47,0.09,0.14,0.00271,0.00178,11.9,1,0.00115,0.03,0.255
S12.4,BR,Pull test,0.1,252676.735,284008.479,963.238,P,0.51,0.09,0.35,0.01013,0.01320,139.9,1,NA,NA,0.265
S12.5,BR,Pull test,0.2,252677.115,284008.618,963.237,P,0.51,0.09,0.44,0.0051,0.00903,96.0,1,NA,NA,0.255
S12.6,BR,Pull test,0.3,252678.129,284009.408,963.185,P,0.46,0.09,0.41,0.00378,0.00690,38.5,1,0.00294,0.06,0.32
S12.7,BR,Pull test,0.1,252676.137,284009.219,963.253,S,0.53,0.09,0.85,0.00605,0.04460,218.0,0,NA,NA,0.31
S12.8,BR,Pull test,0.2,252677.906,284009.208,963.185,S,0.46,0.09,0.55,0.00682,0.01250,54.4,1,NA,NA,0.25
S12.9,BR,Pull test,0.3,252678.485,284009.428,963.163,S,0.44,0.09,0.35,0.00481,0.01120,20.8,0,NA,NA,0.265
S12.10,BR,Pull test,0.1,252674.349,284013.801,963.251,P,0.52,0.09,0.13,0.0025,NA,NA,NA,NA,NA,NA
S12.11,BR,Pull test,0.2,252674.205,284013.122,963.23,P,0.5,0.09,0.17,0.00507,0.00679,73.5,0,NA,NA,0.325
S12.12,BR,Pull test,0.3,252673.804,284013.852,963.235,P,0.51,0.09,0.19,0.00584,0.00789,37.8,1,NA,NA,0.36
S12.13,BR,Pull test,0.1,252676.423,284013.618,963.261,P,0.53,0.09,0.31,0.00749,0.01638,230.3,0,NA,NA,0.285
S12.14,BR,Pull test,0.2,252676.021,284014.845,963.235,P,0.51,0.09,0.39,0.00743,0.01753,77.6,0,NA,NA,0.35
S12.16,BR,Pull test,0.3,252674.964,284014.954,963.269,P,0.54,0.09,0.22,0.0036,0.01125,42.5,0,NA,NA,0.44
S11.1,BR,Pull test,0.1,252671.013,284023.161,963.235,P,0.53,0.04,0.17,0.0043,0.00874,57.6,0,NA,NA,0.165
S11.2,BR,Pull test,0.2,252670.526,284023.291,963.213,P,0.51,0.04,0.26,0.00459,0.00301,23.5,0,NA,NA,0.205
S11.3,BR,Pull test,0.3,252670.319,284022.761,963.196,P,0.5,0.04,0.13,0.00389,0.00170,0.0,0,0.00072,0.13,0.029
S11.4,BR,Pull test,0.1,252672.147,284022.89,963.259,P,0.56,0.04,0.34,0.0061,0.01380,289.0,1,NA,NA,0.225
S11.5,BR,Pull test,0.2,252672.749,284023.49,963.28,P,0.58,0.04,0.33,0.00878,0.00889,77.5,0,NA,NA,0.23
S11.6,BR,Pull test,0.3,252672.493,284022.415,963.253,P,0.55,0.04,0.25,0.00519,0.00809,88.5,0,NA,NA,0.25
S11.7,BR,Pull test,0.1,252673.017,284025.625,963.238,P,0.54,0.04,0.4,0.00814,0.02500,294.9,0,NA,NA,0.11
S11.8,BR,Pull test,0.2,252672.041,284025.437,963.222,P,0.52,0.04,0.38,0.00641,0.01955,96.4,1,NA,NA,0.14
S11.9,BR,Pull test,0.3,252673.827,284025.797,963.254,P,0.55,0.04,0.22,0.00653,0.01188,64.8,1,NA,NA,0.335
S11.12,BR,Pull test,0.3,252674.404,284022.621,963.284,P,0.58,0.04,0.18,0.00354,0.00287,34.4,1,NA,NA,0.055
S29.1,BR,Pull test,0.1,252673.742,283802.135,964.025,P,1.08,NA,0.75,0.01312,0.07800,1013.8,1,NA,NA,0.26
S29.2,BR,Pull test,0.2,252674.249,283802.047,964.026,P,1.08,NA,0.56,0.01178,0.06360,395.3,1,NA,NA,0.315
S29.3,BR,Pull test,0.3,252673.27,283802.26,964.053,P,1.11,NA,0.61,0.01007,0.04590,193.4,1,NA,NA,0.37
S29.4,BR,Pull test,0.4,252672.286,283801.166,964.064,P,1.12,NA,0.79,0.01612,0.08715,419.9,1,NA,NA,0.395
S29.5,BR,Pull test,0.1,252672.598,283800.299,964.046,P,1.1,NA,0.915,0.01231,0.07380,380.5,0,NA,NA,0.425
S29.6,BR,Pull test,0.2,252673.111,283800.398,964.036,P,1.09,NA,0.77,0.01464,0.07480,622.6,1,NA,NA,0.355
S29.7,BR,Pull test,0.3,252673.89,283799.953,964.03,P,1.09,NA,0.67,0.01134,0.07490,406.8,1,NA,NA,0.32
S29.8,BR,Pull test,0.4,252672.509,283799.922,964.059,P,1.12,NA,0.85,0.01436,0.06056,399.8,1,NA,NA,0.43
S19.1,BR,Pull test,0.1,252690.905,283894.849,963.741,P,0.8,0.08,0.285,0.01184,0.00948,80.5,1,NA,NA,0.19
S19.2,BR,Pull test,0.2,252690.722,283894.915,963.734,P,0.79,0.08,0.35,0.01306,0.01310,275.7,1,NA,NA,0.335
S19.3,BR,Pull test,0.3,252689.743,283894.343,963.812,P,0.87,0.08,0.29,0.009,0.01180,41.3,1,0.00586,0.22,0.365
S19.4,BR,Pull test,0.4,252690.171,283894.778,963.806,P,0.86,0.08,0.28,0.00628,0.00960,43.0,1,NA,NA,0.38
S19.5,BR,Pull test,0.1,252688.764,283894.769,963.798,P,0.86,0.08,0.58,0.0166,0.04407,966.8,1,NA,NA,0.21
S19.6,BR,Pull test,0.2,252688.571,283895.516,963.794,P,0.85,0.08,0.64,0.01988,0.05548,446.0,0,NA,NA,0.46
S19.7,BR,Pull test,0.3,252688.133,283895.249,963.789,P,0.85,0.08,0.59,0.01758,0.06900,224.8,0,NA,NA,0.45
S19.8,BR,Pull test,0.4,252687.062,283894.717,963.78,P,0.84,0.08,0.62,0.02218,0.12110,584.8,0,NA,NA,0.45
S19.9,BR,Pull test,0.1,252689.967,283850.539,964.061,P,1.12,0.08,0.26,0.00624,0.00646,169.3,1,NA,NA,0.16
S19.11,BR,Pull test,0.3,252689.685,283850.01,964.088,P,1.15,0.08,0.24,0.01298,0.01286,51.5,1,NA,NA,0.34
S19.12,BR,Pull test,0.4,252690.974,283846.919,963.973,P,1.03,0.08,0.25,0.00571,0.00719,68.9,0,NA,NA,0.32
S19.13,BR,Pull test,0.1,252690.911,283849.181,964.075,P,1.13,0.08,0.76,0.0103,0.05456,904.0,1,NA,NA,0.435
S19.14,BR,Pull test,0.2,252689.201,283849.037,964.035,P,1.09,0.08,0.79,0.01521,0.10490,1090.9,0,NA,NA,0.32
S19.15,BR,Pull test,0.3,252690.14,283846.432,964.033,P,1.09,0.08,0.475,0.01218,0.06844,585.7,1,NA,NA,0.47
S19.16,BR,Pull test,0.4,252689.187,283846.715,963.988,P,1.05,0.08,0.75,0.01438,0.05838,302.8,1,NA,NA,0.475
S19.17,BR,Pull test,0.1,252686.858,283862.469,964.008,P,1.07,0.08,0.32,0.00898,0.01505,308.7,1,NA,NA,0.295
S19.18,BR,Pull test,0.2,252686.68,283862.17,964,P,1.06,0.08,0.41,0.00902,0.02087,280.2,1,NA,NA,0.335
S19.19,BR,Pull test,0.3,252686.141,283863.633,963.972,P,1.03,0.08,0.29,0.00672,0.00720,66.9,1,NA,NA,0.305
S19.20,BR,Pull test,0.4,252687.006,283862.813,964.074,P,1.13,0.08,0.41,0.00881,0.03476,162.9,1,NA,NA,0.41
S26.1,BR,Pull test,0.1,252680.52,283798.703,964.234,P,1.17,0.02,0.185,0.00713,0.00377,76.1,1,NA,NA,0.155
S26.2,BR,Pull test,0.2,252679.868,283797.696,964.22,P,1.15,0.02,0.215,0.00436,0.00290,52.9,1,NA,NA,0.205
S26.3,BR,Pull test,0.3,252680.069,283797.578,964.242,P,1.18,0.02,0.19,0.00424,0.00460,17.2,0,0.00194,0.21,0.27
S26.4,BR,Pull test,0.4,252680.39,283797.68,964.266,P,1.2,0.02,0.195,0.00427,0.01950,16.3,0,NA,NA,0.3
S26.5,BR,Pull test,0.1,252681.398,283798.151,964.299,P,1.23,0.02,0.27,0.00832,0.02076,357.5,0,NA,NA,0.345
S26.6,BR,Pull test,0.2,252680.989,283796.138,964.334,P,1.27,0.02,0.385,0.00786,0.03208,262.4,0,NA,NA,0.285
S26.8,BR,Pull test,0.4,252679.607,283796.184,964.267,P,1.2,0.02,0.335,0.00747,0.03260,21.4,1,NA,NA,0.37
S26.9,BR,Pull test,0.1,252675.865,283774.417,964.29,P,1.22,0.02,0.285,0.00437,0.00918,87.9,1,NA,NA,0.11
S26.10,BR,Pull test,0.2,252675.325,283774.849,964.25,P,1.18,0.02,0.235,0.00409,0.00884,95.2,1,NA,NA,0.22
S26.11,BR,Pull test,0.3,252678.219,283773.495,964.288,P,1.22,0.02,0.25,0.00472,0.01090,14.2,0,0.00174,0.08,0.255
S26.12,BR,Pull test,0.4,252675.527,283772.015,964.315,P,1.25,0.02,0.26,0.00411,0.00876,17.9,1,0.00187,0.19,0.39
S26.13,BR,Pull test,0.1,252676.934,283772.507,964.248,P,1.18,0.02,0.325,0.00716,0.02330,238.7,1,NA,NA,0.155
S26.14,BR,Pull test,0.2,252679.096,283774.743,964.301,P,1.23,0.02,0.495,0.00825,0.02808,126.6,0,NA,NA,0.205
S26.15,BR,Pull test,0.3,252677.429,283775.641,964.288,P,1.22,0.02,0.34,0.00676,0.02724,119.8,1,NA,NA,0.31
S26.16,BR,Pull test,0.4,252677.873,283774.605,964.306,P,1.24,0.02,0.37,0.01044,0.03016,38.5,1,NA,NA,0.41
S20.1,BR,Pull test,0.1,252691.056,283878.469,964.08,P,1.12,0.01,0.16,0.0031,0.00317,65.0,1,NA,NA,0.125
S20.2,BR,Pull test,0.2,252690.541,283878.761,964.102,P,1.14,0.01,0.26,0.00354,0.00593,22.6,1,NA,NA,0.19
S20.3,BR,Pull test,0.3,252690.633,283878.942,964.059,P,1.1,0.01,0.255,0.0041,0.00604,25.1,1,NA,NA,0.345
S20.4,BR,Pull test,0.4,252690.817,283877.839,964.087,P,1.12,0.01,0.27,0.00551,0.00375,4.45E-05,NA,0.00445,0.17,0.485
S20.5,BR,Pull test,0.1,252689.108,283870.211,964.12,P,1.16,0.01,0.205,0.00453,0.00606,86.9,1,NA,NA,0.14
S20.6,BR,Pull test,0.2,252688.999,283869.879,964.097,P,1.13,0.01,0.275,0.00588,0.00896,61.9,1,NA,NA,0.225
S20.7,BR,Pull test,0.3,252689.942,283870.765,964.113,P,1.15,0.01,0.21,0.00465,0.00425,22.5,1,NA,NA,0.375
S25.1,BR,Pull test,0.1,252684.996,283863.584,963.778,P,0.75,NA,0.435,0.00754,0.02376,59.3,1,NA,NA,0.165
S25.2,BR,Pull test,0.2,252684.878,283863.829,963.811,P,0.78,NA,0.47,0.00616,0.02097,62.1,0,NA,NA,0.21
S25.3,BR,Pull test,0.3,252683.248,283865.427,963.757,P,0.73,NA,0.42,0.00605,0.01090,19.1,0,0.00288,0.13,0.305
S25.5,BR,Pull test,0.1,252685.25,283861.468,963.911,P,0.88,NA,0.185,0.0031,0.00216,50.3,1,NA,NA,0.165
S25.6,BR,Pull test,0.2,252684.962,283861.788,963.845,P,0.82,NA,0.265,0.0053,0.00859,47.5,1,NA,NA,0.205
S25.7,BR,Pull test,0.3,252684.953,283862.406,963.862,P,0.84,NA,0.23,0.00476,0.00481,17.3,0,NA,NA,0.295
S25.8,BR,Pull test,0.4,252684.575,283861.264,963.832,P,0.81,NA,0.315,0.00476,0.00511,4.45E-05,NA,0.00194,0.13,0.31
"10.4 m scour treatment was not conducted at all sites, and was therefore excluded from manuscript analyses.",,,,,,,,,,,,,,,,,
2Coordinate system state plane for BR and UTM for BWR and SMR.,,,,,,,,,,,,,,,,,
3Elevation relative to 2009-CONUS geoid for BR and 2006-CONUS geoid for BWR and SMR.,,,,,,,,,,,,,,,,,
"4P = Populus; S = Salix; T = Tamarix; Salix was not present at all sites, and was therefore excluded from manuscript analyses.",,,,,,,,,,,,,,,,,
51 denotes roots breaking; 0 denotes roots slipping out.,,,,,,,,,,,,,,,,,
6Root length is as measured after pull test or excavation; seedlings that were uprooted intact were included for root morphometric investigation and have a frontal area.,,,,,,,,,,,,,,,,,
"Bywater-Reyes, S., Wilcox, A. C., Stella, J. C., & Lightbody, A. F. (2015). Flow and scour constraints on uprooting of pioneer woody seedlings. Water Resources Research, 51, 9190–9206. https://doi.org/10.1002/2014WR016641",,,,,,,,,,,,,,,,,
